{"cameraMode":{"drawMode":0,"name":"Shaded","section":"Shading Mode"},"sceneLighting":false,"audioPlay":false,"sceneViewState":{"showFog":true,"showMaterialUpdate":false,"showSkybox":false,"showFlares":true,"showImageEffects":true,"showParticleSystems":true},"in2DMode":false,"pivot":{"x":-4.076245307922363,"y":5.631592750549316,"z":-1.0054540634155274},"rotation":{"x":0.10274387896060944,"y":0.8923652768135071,"z":-0.3562256693840027,"w":0.2573773264884949},"size":12.283562660217286,"orthographic":false}