{"cameraMode":{"drawMode":0,"name":"Shaded","section":"Shading Mode"},"sceneLighting":false,"audioPlay":false,"sceneViewState":{"showFog":true,"showMaterialUpdate":false,"showSkybox":false,"showFlares":true,"showImageEffects":true,"showParticleSystems":true},"in2DMode":false,"pivot":{"x":4.67547082901001,"y":1.2308263778686524,"z":1.628844976425171},"rotation":{"x":-0.003477866994217038,"y":-0.9954015016555786,"z":0.039737552404403689,"w":-0.08712184429168701},"size":2.567568302154541,"orthographic":true}