{"cameraMode":{"drawMode":0,"name":"Shaded","section":"Shading Mode"},"sceneLighting":true,"audioPlay":false,"sceneViewState":{"showFog":true,"showMaterialUpdate":false,"showSkybox":true,"showFlares":true,"showImageEffects":true,"showParticleSystems":true},"in2DMode":false,"pivot":{"x":38.131500244140628,"y":0.0021440014243125917,"z":7.349874019622803},"rotation":{"x":0.32744100689888,"y":-0.25250083208084109,"z":0.09123183786869049,"w":0.9059953093528748},"size":5.434864521026611,"orthographic":true}