{"cameraMode":{"drawMode":0,"name":"Shaded","section":"Shading Mode"},"sceneLighting":true,"audioPlay":false,"sceneViewState":{"showFog":true,"showMaterialUpdate":false,"showSkybox":true,"showFlares":true,"showImageEffects":true,"showParticleSystems":true},"in2DMode":false,"pivot":{"x":161.7029266357422,"y":88.28125,"z":11.123558044433594},"rotation":{"x":0.07269549369812012,"y":0.0612976998090744,"z":-0.004479693248867989,"w":0.9954612851142883},"size":217.17623901367188,"orthographic":true}