{"cameraMode":{"drawMode":0,"name":"Shaded","section":"Shading Mode"},"sceneLighting":false,"audioPlay":false,"sceneViewState":{"showFog":true,"showMaterialUpdate":false,"showSkybox":false,"showFlares":true,"showImageEffects":true,"showParticleSystems":true},"in2DMode":false,"pivot":{"x":4.800000190734863,"y":1.7000000476837159,"z":-6.5},"rotation":{"x":-0.003081238130107522,"y":0.7292254567146301,"z":-0.0032791695557534696,"w":-0.6842665672302246},"size":1.4994983673095704,"orthographic":true}