{"cameraMode":{"drawMode":0,"name":"Shaded","section":"Shading Mode"},"sceneLighting":false,"audioPlay":false,"sceneViewState":{"showFog":true,"showMaterialUpdate":false,"showSkybox":false,"showFlares":true,"showImageEffects":true,"showParticleSystems":true},"in2DMode":false,"pivot":{"x":4.677881240844727,"y":0.26200538873672488,"z":-6.112893581390381},"rotation":{"x":-0.13160276412963868,"y":0.8649314045906067,"z":-0.38159480690956118,"w":-0.29829293489456179},"size":2.5232667922973635,"orthographic":true}