{"cameraMode":{"drawMode":0,"name":"Shaded","section":"Shading Mode"},"sceneLighting":true,"audioPlay":false,"sceneViewState":{"showFog":true,"showMaterialUpdate":false,"showSkybox":true,"showFlares":true,"showImageEffects":true,"showParticleSystems":true},"in2DMode":false,"pivot":{"x":16.272123336791993,"y":-20.172271728515626,"z":39.8382568359375},"rotation":{"x":0.2398398220539093,"y":-0.09186911582946778,"z":0.022817512974143029,"w":0.9662486910820007},"size":67.03007507324219,"orthographic":true}