{"cameraMode":{"drawMode":0,"name":"Shaded","section":"Shading Mode"},"sceneLighting":false,"audioPlay":false,"sceneViewState":{"showFog":true,"showMaterialUpdate":false,"showSkybox":false,"showFlares":true,"showImageEffects":true,"showParticleSystems":true},"in2DMode":false,"pivot":{"x":2.782626152038574,"y":-1.6150389909744263,"z":-3.0451996326446535},"rotation":{"x":0.3430541455745697,"y":0.23586231470108033,"z":-0.08942563831806183,"w":0.9048141241073608},"size":10.0,"orthographic":true}