{"cameraMode":{"drawMode":0,"name":"Shaded","section":"Shading Mode"},"sceneLighting":false,"audioPlay":false,"sceneViewState":{"showFog":true,"showMaterialUpdate":false,"showSkybox":false,"showFlares":true,"showImageEffects":true,"showParticleSystems":true},"in2DMode":false,"pivot":{"x":4.644145965576172,"y":0.016819588840007783,"z":-0.11962890625},"rotation":{"x":-0.06760995835065842,"y":0.7742912173271179,"z":-0.08395013958215714,"w":-0.6235821843147278},"size":4.90463924407959,"orthographic":true}