{"cameraMode":{"drawMode":0,"name":"Shaded","section":"Shading Mode"},"sceneLighting":false,"audioPlay":false,"sceneViewState":{"showFog":true,"showMaterialUpdate":false,"showSkybox":false,"showFlares":true,"showImageEffects":true,"showParticleSystems":true},"in2DMode":false,"pivot":{"x":0.22623325884342194,"y":-0.11718755215406418,"z":-0.08430749177932739},"rotation":{"x":0.3430541455745697,"y":0.23586231470108033,"z":-0.08942563831806183,"w":0.9048141241073608},"size":2.4471285343170168,"orthographic":true}