{"cameraMode":{"drawMode":0,"name":"Shaded","section":"Shading Mode"},"sceneLighting":false,"audioPlay":false,"sceneViewState":{"showFog":true,"showMaterialUpdate":false,"showSkybox":false,"showFlares":true,"showImageEffects":true,"showParticleSystems":true},"in2DMode":false,"pivot":{"x":0.9191075563430786,"y":-0.43464404344558718,"z":0.2820429801940918},"rotation":{"x":0.03963647037744522,"y":0.946636438369751,"z":-0.12799754738807679,"w":0.2931360900402069},"size":0.40926629304885867,"orthographic":true}