{"cameraMode":{"drawMode":0,"name":"Shaded","section":"Shading Mode"},"sceneLighting":true,"audioPlay":false,"sceneViewState":{"showFog":true,"showMaterialUpdate":false,"showSkybox":true,"showFlares":true,"showImageEffects":true,"showParticleSystems":true},"in2DMode":false,"pivot":{"x":22.179533004760743,"y":-9.907909393310547,"z":30.67156410217285},"rotation":{"x":0.12058340013027191,"y":0.6194585561752319,"z":-0.0970320776104927,"w":0.7696388363838196},"size":10.920249938964844,"orthographic":true}