{"cameraMode":{"drawMode":0,"name":"Shaded","section":"Shading Mode"},"sceneLighting":false,"audioPlay":false,"sceneViewState":{"showFog":true,"showMaterialUpdate":false,"showSkybox":false,"showFlares":true,"showImageEffects":true,"showParticleSystems":true},"in2DMode":false,"pivot":{"x":5.658972263336182,"y":0.21699567139148713,"z":-3.5308268070220949},"rotation":{"x":0.014996293000876904,"y":-0.7673987746238709,"z":0.01796029694378376,"w":0.6407482624053955},"size":6.277098655700684,"orthographic":true}