{"cameraMode":{"drawMode":0,"name":"Shaded","section":"Shading Mode"},"sceneLighting":false,"audioPlay":false,"sceneViewState":{"showFog":true,"showMaterialUpdate":false,"showSkybox":false,"showFlares":true,"showImageEffects":true,"showParticleSystems":true},"in2DMode":false,"pivot":{"x":1.2403178215026856,"y":-0.2396465241909027,"z":-0.3615241050720215},"rotation":{"x":0.3430541455745697,"y":0.23586231470108033,"z":-0.08942563831806183,"w":0.9048141241073608},"size":0.750729501247406,"orthographic":true}