{"cameraMode":{"drawMode":0,"name":"Shaded","section":"Shading Mode"},"sceneLighting":true,"audioPlay":false,"sceneViewState":{"showFog":true,"showMaterialUpdate":false,"showSkybox":true,"showFlares":true,"showImageEffects":true,"showParticleSystems":true},"in2DMode":false,"pivot":{"x":0.8537256717681885,"y":4.68751335144043,"z":10.733942031860352},"rotation":{"x":0.3430541455745697,"y":0.23586231470108033,"z":-0.08942563831806183,"w":0.9048141241073608},"size":10.702845573425293,"orthographic":true}