{"cameraMode":{"drawMode":0,"name":"Shaded","section":"Shading Mode"},"sceneLighting":false,"audioPlay":false,"sceneViewState":{"showFog":true,"showMaterialUpdate":false,"showSkybox":false,"showFlares":true,"showImageEffects":true,"showParticleSystems":true},"in2DMode":false,"pivot":{"x":-2.384185791015625e-7,"y":0.059804439544677737,"z":-0.14099186658859254},"rotation":{"x":0.1034219041466713,"y":0.8921219706535339,"z":-0.35457801818847659,"w":0.26020869612693789},"size":2.0311241149902345,"orthographic":false}