{"cameraMode":{"drawMode":0,"name":"Shaded","section":"Shading Mode"},"sceneLighting":false,"audioPlay":false,"sceneViewState":{"showFog":true,"showMaterialUpdate":false,"showSkybox":false,"showFlares":true,"showImageEffects":true,"showParticleSystems":true},"in2DMode":false,"pivot":{"x":0.6499999761581421,"y":-0.19999998807907105,"z":0.0},"rotation":{"x":0.3430541455745697,"y":0.23586231470108033,"z":-0.08942563831806183,"w":0.9048141241073608},"size":1.4187796115875245,"orthographic":true}