{"cameraMode":{"drawMode":0,"name":"Shaded","section":"Shading Mode"},"sceneLighting":true,"audioPlay":false,"sceneViewState":{"showFog":true,"showMaterialUpdate":false,"showSkybox":true,"showFlares":true,"showImageEffects":true,"showParticleSystems":true},"in2DMode":false,"pivot":{"x":14.322446823120118,"y":-0.83346027135849,"z":39.911006927490237},"rotation":{"x":-0.15483185648918153,"y":-0.838455319404602,"z":0.3070099353790283,"w":-0.42284464836120608},"size":22.290834426879884,"orthographic":true}