{"cameraMode":{"drawMode":0,"name":"Shaded","section":"Shading Mode"},"sceneLighting":false,"audioPlay":false,"sceneViewState":{"showFog":true,"showMaterialUpdate":false,"showSkybox":false,"showFlares":true,"showImageEffects":true,"showParticleSystems":true},"in2DMode":false,"pivot":{"x":4.8600006103515629,"y":1.3619999885559083,"z":-6.199999809265137},"rotation":{"x":0.002410382963716984,"y":0.9868924021720886,"z":-0.014804497361183167,"w":0.1606801599264145},"size":4.680634021759033,"orthographic":true}