{"cameraMode":{"drawMode":0,"name":"Shaded","section":"Shading Mode"},"sceneLighting":true,"audioPlay":false,"sceneViewState":{"showFog":true,"showMaterialUpdate":false,"showSkybox":true,"showFlares":true,"showImageEffects":true,"showParticleSystems":true},"in2DMode":false,"pivot":{"x":8.813305854797364,"y":-4.432806968688965,"z":21.82900047302246},"rotation":{"x":0.28272417187690737,"y":0.0689859613776207,"z":-0.020395049825310708,"w":0.9565039873123169},"size":50.74375915527344,"orthographic":true}