{"cameraMode":{"drawMode":0,"name":"Shaded","section":"Shading Mode"},"sceneLighting":true,"audioPlay":false,"sceneViewState":{"showFog":true,"showMaterialUpdate":false,"showSkybox":true,"showFlares":true,"showImageEffects":true,"showParticleSystems":true},"in2DMode":false,"pivot":{"x":-0.6742615699768066,"y":-11.321742057800293,"z":21.957889556884767},"rotation":{"x":-0.36325541138648989,"y":0.04943651705980301,"z":-0.019306112080812455,"w":-0.9301779270172119},"size":43.05057144165039,"orthographic":false}