{"cameraMode":{"drawMode":0,"name":"Shaded","section":"Shading Mode"},"sceneLighting":false,"audioPlay":false,"sceneViewState":{"showFog":true,"showMaterialUpdate":false,"showSkybox":false,"showFlares":true,"showImageEffects":true,"showParticleSystems":true},"in2DMode":false,"pivot":{"x":1.2999999523162842,"y":-0.4000000059604645,"z":0.0},"rotation":{"x":0.2541216313838959,"y":0.09844168275594711,"z":-0.026009559631347657,"w":0.9618068337440491},"size":0.25980761647224429,"orthographic":false}