{"cameraMode":{"drawMode":0,"name":"Shaded","section":"Shading Mode"},"sceneLighting":false,"audioPlay":false,"sceneViewState":{"showFog":true,"showMaterialUpdate":false,"showSkybox":false,"showFlares":true,"showImageEffects":true,"showParticleSystems":true},"in2DMode":false,"pivot":{"x":6.694594860076904,"y":-0.4950399398803711,"z":0.03768811374902725},"rotation":{"x":0.10465210676193237,"y":0.7816638946533203,"z":-0.136439710855484,"w":0.5995458364486694},"size":6.424261093139648,"orthographic":false}