{"cameraMode":{"drawMode":0,"name":"Shaded","section":"Shading Mode"},"sceneLighting":true,"audioPlay":false,"sceneViewState":{"showFog":true,"showMaterialUpdate":false,"showSkybox":true,"showFlares":true,"showImageEffects":true,"showParticleSystems":true},"in2DMode":false,"pivot":{"x":3.472219944000244,"y":-20.463642120361329,"z":16.710046768188478},"rotation":{"x":-0.3426157534122467,"y":0.023105448111891748,"z":-0.008429188281297684,"w":-0.9391549229621887},"size":38.94612503051758,"orthographic":false}